HETATM,Atom_num,Atom_name,Residual_name,Bound,Residual_num,x,y,z,Atom_type,Residual_accurate_name,Lineage,shift,trust,Ac_component
HETATM,1,C1,MOH,A,1,-9.679,1.298,4.86,C,Me,,56.2,76,0
HETATM,2,O1,MOH,A,1,-9.268,0.5,5.962,O,Me,,-1,-1,0
HETATM,3,H1,MOH,A,1,-9.744,2.354,5.149,H,Me,,3.42,97,0
HETATM,4,H11,MOH,A,1,-8.999,1.185,4.009,H,Me,,-1,-1,0
HETATM,5,H12,MOH,A,1,-10.672,0.96,4.549,H,Me,,-1,-1,0
HETATM,6,C1,GCU,A,2,-7.915,0.749,6.339,C,a-D-GlcpA,1,97.9,72,0
HETATM,7,O5,GCU,A,2,-7.773,2.026,6.954,O,a-D-GlcpA,1,-1,-1,0
HETATM,8,C5,GCU,A,2,-8.572,2.159,8.14,C,a-D-GlcpA,1,73.3,72,0
HETATM,9,C6,GCU,A,2,-8.29,3.528,8.726,C,a-D-GlcpA,1,175.9,72,0
HETATM,10,O6,GCU,A,2,-7.198,3.974,9.05,O,a-D-GlcpA,1,-1,-1,0
HETATM,11,O61,GCU,A,2,-9.393,4.294,8.856,O,a-D-GlcpA,1,-1,-1,0
HETATM,12,C4,GCU,A,2,-8.207,1.099,9.182,C,a-D-GlcpA,1,72.1,72,0
HETATM,13,O4,GCU,A,2,-9.103,1.129,10.301,O,a-D-GlcpA,1,-1,-1,0
HETATM,14,C3,GCU,A,2,-8.25,-0.309,8.572,C,a-D-GlcpA,1,69.1,72,0
HETATM,15,O3,GCU,A,2,-7.716,-1.225,9.548,O,a-D-GlcpA,1,-1,-1,0
HETATM,16,C2,GCU,A,2,-7.425,-0.371,7.279,C,a-D-GlcpA,1,73.7,72,0
HETATM,17,O2,GCU,A,2,-7.611,-1.663,6.667,O,a-D-GlcpA,1,-1,-1,0
HETATM,18,H1,GCU,A,2,-7.285,0.739,5.443,H,a-D-GlcpA,1,5.55,56,0
HETATM,19,H5,GCU,A,2,-9.636,2.117,7.88,H,a-D-GlcpA,1,4.57,56,0
HETATM,20,H6O,GCU,A,2,-9.054,5.118,9.265,H,a-D-GlcpA,1,-1,-1,0
HETATM,21,H4,GCU,A,2,-7.195,1.281,9.574,H,a-D-GlcpA,1,4.30,56,0
HETATM,22,H4O,GCU,A,2,-8.792,0.427,10.911,H,a-D-GlcpA,1,-1,-1,0
HETATM,23,H3,GCU,A,2,-9.288,-0.614,8.393,H,a-D-GlcpA,1,4.05,56,0
HETATM,24,H3O,GCU,A,2,-8.436,-1.859,9.755,H,a-D-GlcpA,1,-1,-1,0
HETATM,25,H2,GCU,A,2,-6.369,-0.218,7.541,H,a-D-GlcpA,1,3.96,56,0
HETATM,26,C1,GCU,A,3,-6.397,-2.25,6.192,C,a-D-GlcpA,"1,2",97.1,64,0
HETATM,27,O5,GCU,A,3,-5.628,-2.752,7.285,O,a-D-GlcpA,"1,2",-1,-1,0
HETATM,28,C5,GCU,A,3,-6.286,-3.814,8.018,C,a-D-GlcpA,"1,2",73.6,64,0
HETATM,29,C6,GCU,A,3,-5.287,-4.234,9.097,C,a-D-GlcpA,"1,2",175.9,64,0
HETATM,30,O6,GCU,A,3,-5.188,-5.337,9.614,O,a-D-GlcpA,"1,2",-1,-1,0
HETATM,31,O61,GCU,A,3,-4.485,-3.195,9.463,O,a-D-GlcpA,"1,2",-1,-1,0
HETATM,32,C4,GCU,A,3,-6.72,-4.989,7.139,C,a-D-GlcpA,"1,2",69.9,64,0
HETATM,33,O4,GCU,A,3,-7.588,-5.868,7.871,O,a-D-GlcpA,"1,2",-1,-1,0
HETATM,34,C3,GCU,A,3,-7.513,-4.467,5.934,C,a-D-GlcpA,"1,2",83.1,64,0
HETATM,35,O3,GCU,A,3,-7.827,-5.586,5.071,O,a-D-GlcpA,"1,2",-1,-1,0
HETATM,36,C2,GCU,A,3,-6.719,-3.387,5.192,C,a-D-GlcpA,"1,2",72.0,64,0
HETATM,37,O2,GCU,A,3,-7.456,-2.929,4.049,O,a-D-GlcpA,"1,2",-1,-1,0
HETATM,38,H1,GCU,A,3,-5.808,-1.486,5.67,H,a-D-GlcpA,"1,2",5.25,66,0
HETATM,39,H5,GCU,A,3,-7.148,-3.405,8.55,H,a-D-GlcpA,"1,2",4.17,66,0
HETATM,40,H6O,GCU,A,3,-4.706,-2.423,8.897,H,a-D-GlcpA,"1,2",-1,-1,0
HETATM,41,H4,GCU,A,3,-5.857,-5.578,6.804,H,a-D-GlcpA,"1,2",3.63,66,0
HETATM,42,H4O,GCU,A,3,-7.989,-6.468,7.208,H,a-D-GlcpA,"1,2",-1,-1,0
HETATM,43,H3,GCU,A,3,-8.454,-4.033,6.311,H,a-D-GlcpA,"1,2",4.04,66,0
HETATM,44,H2,GCU,A,3,-5.79,-3.827,4.808,H,a-D-GlcpA,"1,2",3.79,66,0
HETATM,45,H2O,GCU,A,3,-7.876,-2.068,4.281,H,a-D-GlcpA,"1,2",-1,-1,0
HETATM,46,C1,GTR,A,4,-9.198,-5.511,4.661,C,b-D-GalpA,"1,2,3",103.7,24,0
HETATM,47,O5,GTR,A,4,-9.992,-5.949,5.761,O,b-D-GalpA,"1,2,3",-1,-1,0
HETATM,48,C5,GTR,A,4,-11.365,-5.697,5.511,C,b-D-GalpA,"1,2,3",75.7,24,0
HETATM,49,C6,GTR,A,4,-12.201,-5.937,6.759,C,b-D-GalpA,"1,2,3",173.4,24,0
HETATM,50,O6,GTR,A,4,-12.996,-5.113,7.199,O,b-D-GalpA,"1,2,3",-1,-1,0
HETATM,51,O61,GTR,A,4,-11.993,-7.142,7.331,O,b-D-GalpA,"1,2,3",-1,-1,0
HETATM,52,C4,GTR,A,4,-11.816,-6.617,4.386,C,b-D-GalpA,"1,2,3",68.1,24,0
HETATM,53,O4,GTR,A,4,-11.58,-7.989,4.758,O,b-D-GalpA,"1,2,3",-1,-1,0
HETATM,54,C3,GTR,A,4,-11.032,-6.307,3.087,C,b-D-GalpA,"1,2,3",73.6,24,0
HETATM,55,O3,GTR,A,4,-11.356,-7.293,2.083,O,b-D-GalpA,"1,2,3",-1,-1,0
HETATM,56,C2,GTR,A,4,-9.478,-6.318,3.352,C,b-D-GalpA,"1,2,3",71.2,24,0
HETATM,57,O2,GTR,A,4,-8.614,-5.711,2.375,O,b-D-GalpA,"1,2,3",-1,-1,0
HETATM,58,H1,GTR,A,4,-9.432,-4.462,4.438,H,b-D-GalpA,"1,2,3",4.55,11,0
HETATM,59,H5,GTR,A,4,-11.509,-4.64,5.243,H,b-D-GalpA,"1,2,3",4.18,11,0
HETATM,60,H6O,GTR,A,4,-11.379,-7.683,6.777,H,b-D-GalpA,"1,2,3",-1,-1,0
HETATM,61,H4,GTR,A,4,-12.894,-6.5,4.253,H,b-D-GalpA,"1,2,3",4.34,11,0
HETATM,62,H4O,GTR,A,4,-11.528,-8.511,3.927,H,b-D-GalpA,"1,2,3",-1,-1,0
HETATM,63,H3,GTR,A,4,-11.326,-5.324,2.723,H,b-D-GalpA,"1,2,3",3.78,11,0
HETATM,64,H2,GTR,A,4,-9.137,-7.355,3.472,H,b-D-GalpA,"1,2,3",3.62,11,0
HETATM,65,C1,FCB,A,5,-12.719,-7.342,1.627,C,b-D-Fucp,"1,2,3,3",104.8,66,0
HETATM,66,O5,FCB,A,5,-12.953,-8.656,1.122,O,b-D-Fucp,"1,2,3,3",-1,-1,0
HETATM,67,C5,FCB,A,5,-14.323,-8.88,0.774,C,b-D-Fucp,"1,2,3,3",71.9,66,0
HETATM,68,C6,FCB,A,5,-14.503,-10.359,0.463,C,b-D-Fucp,"1,2,3,3",16.1,66,0
HETATM,69,C4,FCB,A,5,-14.683,-7.983,-0.418,C,b-D-Fucp,"1,2,3,3",72.4,66,0
HETATM,70,O4,FCB,A,5,-13.883,-8.293,-1.565,O,b-D-Fucp,"1,2,3,3",-1,-1,0
HETATM,71,C3,FCB,A,5,-14.444,-6.507,-0.047,C,b-D-Fucp,"1,2,3,3",73.7,66,0
HETATM,72,O3,FCB,A,5,-14.558,-5.688,-1.224,O,b-D-Fucp,"1,2,3,3",-1,-1,0
HETATM,73,C2,FCB,A,5,-13.052,-6.264,0.566,C,b-D-Fucp,"1,2,3,3",73.4,66,0
HETATM,74,O2,FCB,A,5,-12.076,-6.212,-0.489,O,b-D-Fucp,"1,2,3,3",-1,-1,0
HETATM,75,H1,FCB,A,5,-13.4,-7.214,2.471,H,b-D-Fucp,"1,2,3,3",4.74,61,0
HETATM,76,H5,FCB,A,5,-14.967,-8.638,1.631,H,b-D-Fucp,"1,2,3,3",3.91,61,0
HETATM,77,H6,FCB,A,5,-15.514,-10.56,0.093,H,b-D-Fucp,"1,2,3,3",1.25,61,0
HETATM,78,H61,FCB,A,5,-14.355,-10.955,1.367,H,b-D-Fucp,"1,2,3,3",-1,-1,0
HETATM,79,H62,FCB,A,5,-13.772,-10.721,-0.268,H,b-D-Fucp,"1,2,3,3",-1,-1,0
HETATM,80,H4,FCB,A,5,-15.723,-8.131,-0.726,H,b-D-Fucp,"1,2,3,3",3.77,61,0
HETATM,81,H4O,FCB,A,5,-12.955,-8.342,-1.253,H,b-D-Fucp,"1,2,3,3",-1,-1,0
HETATM,82,H3,FCB,A,5,-15.207,-6.181,0.671,H,b-D-Fucp,"1,2,3,3",3.62,61,0
HETATM,83,H3O,FCB,A,5,-14.539,-6.307,-1.99,H,b-D-Fucp,"1,2,3,3",-1,-1,0
HETATM,84,H2,FCB,A,5,-13.024,-5.276,1.035,H,b-D-Fucp,"1,2,3,3",3.64,61,0
HETATM,85,H2O,FCB,A,5,-12.516,-5.699,-1.202,H,b-D-Fucp,"1,2,3,3",-1,-1,0
HETATM,86,C1,NBG,A,6,-8.99,-5.573,1.018,C,b-D-GlcpN,"1,2,3,2",102.5,69,0
HETATM,87,O5,NBG,A,6,-8.299,-6.543,0.235,O,b-D-GlcpN,"1,2,3,2",-1,-1,0
HETATM,88,C5,NBG,A,6,-8.647,-6.47,-1.155,C,b-D-GlcpN,"1,2,3,2",76.6,69,0
HETATM,89,C6,NBG,A,6,-7.872,-7.562,-1.915,C,b-D-GlcpN,"1,2,3,2",65.7,69,0
HETATM,90,O6,NBG,A,6,-8.406,-8.846,-1.629,O,b-D-GlcpN,"1,2,3,2",-1,-1,0
HETATM,91,C4,NBG,A,6,-8.326,-5.088,-1.751,C,b-D-GlcpN,"1,2,3,2",70.2,69,0
HETATM,92,O4,NBG,A,6,-8.811,-5.012,-3.108,O,b-D-GlcpN,"1,2,3,2",-1,-1,0
HETATM,93,C3,NBG,A,6,-8.932,-3.939,-0.905,C,b-D-GlcpN,"1,2,3,2",81.7,69,0
HETATM,94,O3,NBG,A,6,-8.456,-2.716,-1.508,O,b-D-GlcpN,"1,2,3,2",-1,-1,0
HETATM,95,C2,NBG,A,6,-8.551,-4.146,0.581,C,b-D-GlcpN,"1,2,3,2",56.9,69,0
HETATM,96,N2,NBG,A,6,-8.953,-3.106,1.56,N,b-D-GlcpN,"1,2,3,2",-1,-1,0
HETATM,97,H1,NBG,A,6,-10.059,-5.68,0.877,H,b-D-GlcpN,"1,2,3,2",4.81,41,0
HETATM,98,H5,NBG,A,6,-9.719,-6.669,-1.239,H,b-D-GlcpN,"1,2,3,2",3.40,41,0
HETATM,99,H6,NBG,A,6,-7.879,-7.394,-2.996,H,b-D-GlcpN,"1,2,3,2",4.09-4.16,41,0
HETATM,100,H61,NBG,A,6,-6.828,-7.564,-1.589,H,b-D-GlcpN,"1,2,3,2",-1,-1,0
HETATM,101,H4,NBG,A,6,-7.238,-4.948,-1.803,H,b-D-GlcpN,"1,2,3,2",3.50,41,0
HETATM,102,H4O,NBG,A,6,-9.757,-5.247,-3.11,H,b-D-GlcpN,"1,2,3,2",-1,-1,0
HETATM,103,H3,NBG,A,6,-10.012,-3.998,-1.045,H,b-D-GlcpN,"1,2,3,2",3.70,41,0
HETATM,104,H2,NBG,A,6,-7.453,-4.094,0.621,H,b-D-GlcpN,"1,2,3,2",3.58,41,0
HETATM,105,H2N,NBG,A,6,-8.234,-2.976,2.287,H,b-D-GlcpN,"1,2,3,2",-1,-1,0
HETATM,106,C11,NBG,A,6,-10.155,-2.77,2.092,C,b-D-GlcpN,"1,2,3,2",-1,-1,1
HETATM,107,C21,NBG,A,6,-11.433,-2.966,1.332,C,b-D-GlcpN,"1,2,3,2",-1,-1,1
HETATM,108,O1,NBG,A,6,-10.198,-2.261,3.215,O,b-D-GlcpN,"1,2,3,2",-1,-1,1
HETATM,109,H21,NBG,A,6,-12.189,-3.333,2.028,H,b-D-GlcpN,"1,2,3,2",-1,-1,1
HETATM,110,H22,NBG,A,6,-11.777,-1.999,0.949,H,b-D-GlcpN,"1,2,3,2",-1,-1,1
HETATM,111,H23,NBG,A,6,-11.335,-3.685,0.527,H,b-D-GlcpN,"1,2,3,2",-1,-1,1
HETATM,112,S1,SO4,A,7,-9.583,-9.416,-2.581,S,S,"1,2,3,2,6",-1,-1,0
HETATM,113,O,SO4,A,7,-8.995,-10.315,-3.558,O,S,"1,2,3,2,6",-1,-1,0
HETATM,114,O1,SO4,A,7,-10.44,-8.323,-3.005,O,S,"1,2,3,2,6",-1,-1,0
HETATM,115,O2,SO4,A,7,-10.446,-10.341,-1.602,O,S,"1,2,3,2,6",-1,-1,0
HETATM,116,H,SO4,A,7,-11.077,-10.862,-2.144,H,S,"1,2,3,2,6",-1,-1,0
HETATM,117,C1,FUC,A,8,-9.149,-1.544,-1.102,C,a-L-Fucp,"1,2,3,2,3",101.6,34,0
HETATM,118,O5,FUC,A,8,-10.559,-1.746,-1.169,O,a-L-Fucp,"1,2,3,2,3",-1,-1,0
HETATM,119,C5,FUC,A,8,-11.111,-1.829,-2.49,C,a-L-Fucp,"1,2,3,2,3",69.1,34,0
HETATM,120,C6,FUC,A,8,-12.586,-2.196,-2.344,C,a-L-Fucp,"1,2,3,2,3",15.4,34,0
HETATM,121,C4,FUC,A,8,-10.896,-0.486,-3.208,C,a-L-Fucp,"1,2,3,2,3",78.5,34,0
HETATM,122,O4,FUC,A,8,-11.564,0.497,-2.408,O,a-L-Fucp,"1,2,3,2,3",-1,-1,0
HETATM,123,C3,FUC,A,8,-9.371,-0.328,-3.31,C,a-L-Fucp,"1,2,3,2,3",70.7,34,0
HETATM,124,O3,FUC,A,8,-9.011,0.855,-4.056,O,a-L-Fucp,"1,2,3,2,3",-1,-1,0
HETATM,125,C2,FUC,A,8,-8.734,-0.294,-1.914,C,a-L-Fucp,"1,2,3,2,3",69.4,34,0
HETATM,126,O2,FUC,A,8,-7.329,-0.12,-2.127,O,a-L-Fucp,"1,2,3,2,3",-1,-1,0
HETATM,127,H1,FUC,A,8,-8.888,-1.335,-0.069,H,a-L-Fucp,"1,2,3,2,3",5.10,31,0
HETATM,128,H5,FUC,A,8,-10.621,-2.639,-3.045,H,a-L-Fucp,"1,2,3,2,3",4.37,31,0
HETATM,129,H6,FUC,A,8,-12.676,-3.185,-1.885,H,a-L-Fucp,"1,2,3,2,3",1.21,31,0
HETATM,130,H61,FUC,A,8,-13.11,-1.497,-1.682,H,a-L-Fucp,"1,2,3,2,3",-1,-1,0
HETATM,131,H62,FUC,A,8,-13.087,-2.217,-3.317,H,a-L-Fucp,"1,2,3,2,3",-1,-1,0
HETATM,132,H4,FUC,A,8,-11.356,-0.507,-4.198,H,a-L-Fucp,"1,2,3,2,3",4.11,31,0
HETATM,133,H3,FUC,A,8,-8.958,-1.169,-3.881,H,a-L-Fucp,"1,2,3,2,3",3.91,31,0
HETATM,134,H3O,FUC,A,8,-8.097,0.675,-4.366,H,a-L-Fucp,"1,2,3,2,3",-1,-1,0
HETATM,135,H2,FUC,A,8,-9.145,0.579,-1.401,H,a-L-Fucp,"1,2,3,2,3",3.89,31,0
HETATM,136,C1,GAL,A,9,-11.387,1.884,-2.642,C,b-D-Galp,"1,2,3,2,3,4",102.8,54,0
HETATM,137,O5,GAL,A,9,-12.053,2.541,-1.563,O,b-D-Galp,"1,2,3,2,3,4",-1,-1,0
HETATM,138,C5,GAL,A,9,-11.891,3.957,-1.564,C,b-D-Galp,"1,2,3,2,3,4",69.5,54,0
HETATM,139,C6,GAL,A,9,-12.565,4.505,-0.299,C,b-D-Galp,"1,2,3,2,3,4",61.5,54,0
HETATM,140,O6,GAL,A,9,-12.43,5.922,-0.237,O,b-D-Galp,"1,2,3,2,3,4",-1,-1,0
HETATM,141,C4,GAL,A,9,-12.467,4.584,-2.857,C,b-D-Galp,"1,2,3,2,3,4",81.6,54,0
HETATM,142,O4,GAL,A,9,-13.896,4.471,-2.807,O,b-D-Galp,"1,2,3,2,3,4",-1,-1,0
HETATM,143,C3,GAL,A,9,-11.804,3.897,-4.071,C,b-D-Galp,"1,2,3,2,3,4",67.8,54,0
HETATM,144,O3,GAL,A,9,-12.354,4.426,-5.27,O,b-D-Galp,"1,2,3,2,3,4",-1,-1,0
HETATM,145,C2,GAL,A,9,-11.951,2.367,-3.999,C,b-D-Galp,"1,2,3,2,3,4",73.8,54,0
HETATM,146,O2,GAL,A,9,-11.274,1.78,-5.13,O,b-D-Galp,"1,2,3,2,3,4",-1,-1,0
HETATM,147,H1,GAL,A,9,-10.324,2.127,-2.558,H,b-D-Galp,"1,2,3,2,3,4",4.51,52,0
HETATM,148,H5,GAL,A,9,-10.819,4.187,-1.507,H,b-D-Galp,"1,2,3,2,3,4",3.75,52,0
HETATM,149,H6,GAL,A,9,-13.629,4.242,-0.26,H,b-D-Galp,"1,2,3,2,3,4",3.71-3.75,52,0
HETATM,150,H61,GAL,A,9,-12.098,4.068,0.593,H,b-D-Galp,"1,2,3,2,3,4",-1,-1,0
HETATM,151,H6O,GAL,A,9,-12.855,6.206,0.595,H,b-D-Galp,"1,2,3,2,3,4",-1,-1,0
HETATM,152,H4,GAL,A,9,-12.191,5.635,-2.848,H,b-D-Galp,"1,2,3,2,3,4",3.71,52,0
HETATM,153,H3,GAL,A,9,-10.736,4.149,-4.043,H,b-D-Galp,"1,2,3,2,3,4",3.77,52,0
HETATM,154,H2,GAL,A,9,-13.008,2.082,-4.1,H,b-D-Galp,"1,2,3,2,3,4",3.30,52,0
HETATM,155,H2O,GAL,A,9,-10.329,1.618,-4.854,H,b-D-Galp,"1,2,3,2,3,4",-1,-1,0
HETATM,156,S1,SO4,A,10,-11.572,4.302,-6.687,S,S,"1,2,3,2,3,4,3",-1,-1,0
HETATM,157,O,SO4,A,10,-12.107,5.312,-7.559,O,S,"1,2,3,2,3,4,3",-1,-1,0
HETATM,158,O1,SO4,A,10,-10.157,4.176,-6.424,O,S,"1,2,3,2,3,4,3",-1,-1,0
HETATM,159,O2,SO4,A,10,-12.078,2.877,-7.238,O,S,"1,2,3,2,3,4,3",-1,-1,0
HETATM,160,H,SO4,A,10,-11.766,2.189,-6.595,H,S,"1,2,3,2,3,4,3",-1,-1,0
HETATM,161,C1,NAG,A,11,-14.706,5.188,-3.738,C,a-D-GlcpN,"1,2,3,2,3,4,4",98.5,69,0
HETATM,162,O5,NAG,A,11,-16.062,4.732,-3.558,O,a-D-GlcpN,"1,2,3,2,3,4,4",-1,-1,0
HETATM,163,C5,NAG,A,11,-16.606,5.089,-2.279,C,a-D-GlcpN,"1,2,3,2,3,4,4",73.3,69,0
HETATM,164,C6,NAG,A,11,-18.009,4.474,-2.152,C,a-D-GlcpN,"1,2,3,2,3,4,4",61.4,69,0
HETATM,165,O6,NAG,A,11,-18.563,4.644,-0.85,O,a-D-GlcpN,"1,2,3,2,3,4,4",-1,-1,0
HETATM,166,C4,NAG,A,11,-16.655,6.617,-2.139,C,a-D-GlcpN,"1,2,3,2,3,4,4",69.6,69,0
HETATM,167,O4,NAG,A,11,-17.232,7.0,-0.886,O,a-D-GlcpN,"1,2,3,2,3,4,4",-1,-1,0
HETATM,168,C3,NAG,A,11,-15.242,7.221,-2.297,C,a-D-GlcpN,"1,2,3,2,3,4,4",79.1,69,0
HETATM,169,O3,NAG,A,11,-15.396,8.661,-2.241,O,a-D-GlcpN,"1,2,3,2,3,4,4",-1,-1,0
HETATM,170,C2,NAG,A,11,-14.69,6.75,-3.663,C,a-D-GlcpN,"1,2,3,2,3,4,4",54.7,69,0
HETATM,171,N2,NAG,A,11,-13.4,7.356,-4.004,N,a-D-GlcpN,"1,2,3,2,3,4,4",-1,-1,0
HETATM,172,H1,NAG,A,11,-14.46,4.879,-4.753,H,a-D-GlcpN,"1,2,3,2,3,4,4",5.06,63,0
HETATM,173,H5,NAG,A,11,-15.994,4.665,-1.472,H,a-D-GlcpN,"1,2,3,2,3,4,4",4.18,63,0
HETATM,174,H6,NAG,A,11,-17.973,3.4,-2.363,H,a-D-GlcpN,"1,2,3,2,3,4,4",3.80-3.81,63,0
HETATM,175,H61,NAG,A,11,-18.696,4.915,-2.884,H,a-D-GlcpN,"1,2,3,2,3,4,4",-1,-1,0
HETATM,176,H6O,NAG,A,11,-18.342,5.555,-0.561,H,a-D-GlcpN,"1,2,3,2,3,4,4",-1,-1,0
HETATM,177,H4,NAG,A,11,-17.307,7.033,-2.919,H,a-D-GlcpN,"1,2,3,2,3,4,4",3.65,63,0
HETATM,178,H4O,NAG,A,11,-17.34,7.969,-0.953,H,a-D-GlcpN,"1,2,3,2,3,4,4",-1,-1,0
HETATM,179,H3,NAG,A,11,-14.607,6.897,-1.465,H,a-D-GlcpN,"1,2,3,2,3,4,4",3.81,63,0
HETATM,180,H2,NAG,A,11,-15.404,7.11,-4.415,H,a-D-GlcpN,"1,2,3,2,3,4,4",4.12,63,0
HETATM,181,H2N,NAG,A,11,-12.687,7.426,-3.289,H,a-D-GlcpN,"1,2,3,2,3,4,4",-1,-1,0
HETATM,182,C11,NAG,A,11,-13.005,7.934,-5.173,C,a-D-GlcpN,"1,2,3,2,3,4,4",-1,-1,1
HETATM,183,C21,NAG,A,11,-13.965,7.952,-6.33,C,a-D-GlcpN,"1,2,3,2,3,4,4",-1,-1,1
HETATM,184,O1,NAG,A,11,-11.881,8.427,-5.232,O,a-D-GlcpN,"1,2,3,2,3,4,4",-1,-1,1
HETATM,185,H21,NAG,A,11,-13.456,8.338,-7.217,H,a-D-GlcpN,"1,2,3,2,3,4,4",-1,-1,1
HETATM,186,H22,NAG,A,11,-14.317,6.941,-6.547,H,a-D-GlcpN,"1,2,3,2,3,4,4",-1,-1,1
HETATM,187,H23,NAG,A,11,-14.809,8.607,-6.099,H,a-D-GlcpN,"1,2,3,2,3,4,4",-1,-1,1
HETATM,188,C1,FUC,A,12,-14.25,9.35,-1.714,C,a-L-Fucp,"1,2,3,2,3,4,4,3",100.3,57,0
HETATM,189,O5,FUC,A,12,-14.192,9.236,-0.288,O,a-L-Fucp,"1,2,3,2,3,4,4,3",-1,-1,0
HETATM,190,C5,FUC,A,12,-15.312,9.833,0.372,C,a-L-Fucp,"1,2,3,2,3,4,4,3",68.1,57,0
HETATM,191,C6,FUC,A,12,-15.12,9.602,1.866,C,a-L-Fucp,"1,2,3,2,3,4,4,3",16.8,57,0
HETATM,192,C4,FUC,A,12,-15.432,11.318,0.019,C,a-L-Fucp,"1,2,3,2,3,4,4,3",73.3,57,0
HETATM,193,O4,FUC,A,12,-14.343,12.086,0.569,O,a-L-Fucp,"1,2,3,2,3,4,4,3",-1,-1,0
HETATM,194,C3,FUC,A,12,-15.431,11.554,-1.503,C,a-L-Fucp,"1,2,3,2,3,4,4,3",70.8,57,0
HETATM,195,O3,FUC,A,12,-15.367,12.977,-1.704,O,a-L-Fucp,"1,2,3,2,3,4,4,3",-1,-1,0
HETATM,196,C2,FUC,A,12,-14.231,10.838,-2.156,C,a-L-Fucp,"1,2,3,2,3,4,4,3",69.3,57,0
HETATM,197,O2,FUC,A,12,-14.186,10.886,-3.591,O,a-L-Fucp,"1,2,3,2,3,4,4,3",-1,-1,0
HETATM,198,H1,FUC,A,12,-13.334,8.898,-2.095,H,a-L-Fucp,"1,2,3,2,3,4,4,3",5.10,36,0
HETATM,199,H5,FUC,A,12,-16.226,9.321,0.066,H,a-L-Fucp,"1,2,3,2,3,4,4,3",4.59,36,0
HETATM,200,H6,FUC,A,12,-15.929,10.058,2.446,H,a-L-Fucp,"1,2,3,2,3,4,4,3",1.22,36,0
HETATM,201,H61,FUC,A,12,-14.162,10.004,2.215,H,a-L-Fucp,"1,2,3,2,3,4,4,3",-1,-1,0
HETATM,202,H62,FUC,A,12,-15.099,8.528,2.081,H,a-L-Fucp,"1,2,3,2,3,4,4,3",-1,-1,0
HETATM,203,H4,FUC,A,12,-16.344,11.742,0.455,H,a-L-Fucp,"1,2,3,2,3,4,4,3",3.85,36,0
HETATM,204,H4O,FUC,A,12,-13.539,11.527,0.559,H,a-L-Fucp,"1,2,3,2,3,4,4,3",-1,-1,0
HETATM,205,H3,FUC,A,12,-16.365,11.204,-1.956,H,a-L-Fucp,"1,2,3,2,3,4,4,3",3.82,36,0
HETATM,206,H3O,FUC,A,12,-14.989,13.347,-0.878,H,a-L-Fucp,"1,2,3,2,3,4,4,3",-1,-1,0
HETATM,207,H2,FUC,A,12,-13.318,11.276,-1.757,H,a-L-Fucp,"1,2,3,2,3,4,4,3",3.89,36,0
HETATM,208,C1,NBG,A,13,-13.889,12.145,-4.201,C,b-D-GlcpN,"1,2,3,2,3,4,4,3,2",103.6,63,0
HETATM,209,O5,NBG,A,13,-14.451,12.077,-5.529,O,b-D-GlcpN,"1,2,3,2,3,4,4,3,2",-1,-1,0
HETATM,210,C5,NBG,A,13,-14.315,13.295,-6.276,C,b-D-GlcpN,"1,2,3,2,3,4,4,3,2",77.4,63,0
HETATM,211,C6,NBG,A,13,-15.007,13.122,-7.639,C,b-D-GlcpN,"1,2,3,2,3,4,4,3,2",65.7,63,0
HETATM,212,O6,NBG,A,13,-16.425,13.062,-7.528,O,b-D-GlcpN,"1,2,3,2,3,4,4,3,2",-1,-1,0
HETATM,213,C4,NBG,A,13,-12.829,13.634,-6.47,C,b-D-GlcpN,"1,2,3,2,3,4,4,3,2",72.5,63,0
HETATM,214,O4,NBG,A,13,-12.686,14.865,-7.185,O,b-D-GlcpN,"1,2,3,2,3,4,4,3,2",-1,-1,0
HETATM,215,C3,NBG,A,13,-12.169,13.766,-5.087,C,b-D-GlcpN,"1,2,3,2,3,4,4,3,2",81.4,63,0
HETATM,216,O3,NBG,A,13,-10.784,14.116,-5.285,O,b-D-GlcpN,"1,2,3,2,3,4,4,3,2",-1,-1,0
HETATM,217,C2,NBG,A,13,-12.352,12.431,-4.328,C,b-D-GlcpN,"1,2,3,2,3,4,4,3,2",56.9,63,0
HETATM,218,N2,NBG,A,13,-11.542,12.309,-3.104,N,b-D-GlcpN,"1,2,3,2,3,4,4,3,2",-1,-1,0
HETATM,219,H1,NBG,A,13,-14.398,12.958,-3.687,H,b-D-GlcpN,"1,2,3,2,3,4,4,3,2",4.65,47,0
HETATM,220,H5,NBG,A,13,-14.806,14.099,-5.721,H,b-D-GlcpN,"1,2,3,2,3,4,4,3,2",3.49,47,0
HETATM,221,H6,NBG,A,13,-14.697,12.169,-8.08,H,b-D-GlcpN,"1,2,3,2,3,4,4,3,2",4.04-4.11,47,0
HETATM,222,H61,NBG,A,13,-14.724,13.908,-8.347,H,b-D-GlcpN,"1,2,3,2,3,4,4,3,2",-1,-1,0
HETATM,223,H4,NBG,A,13,-12.325,12.854,-7.054,H,b-D-GlcpN,"1,2,3,2,3,4,4,3,2",3.47,47,0
HETATM,224,H4O,NBG,A,13,-11.733,14.964,-7.37,H,b-D-GlcpN,"1,2,3,2,3,4,4,3,2",-1,-1,0
HETATM,225,H3,NBG,A,13,-12.693,14.576,-4.568,H,b-D-GlcpN,"1,2,3,2,3,4,4,3,2",3.72,47,0
HETATM,226,H2,NBG,A,13,-11.936,11.638,-4.964,H,b-D-GlcpN,"1,2,3,2,3,4,4,3,2",3.58,47,0
HETATM,227,H2N,NBG,A,13,-10.901,11.519,-3.099,H,b-D-GlcpN,"1,2,3,2,3,4,4,3,2",-1,-1,0
HETATM,228,C11,NBG,A,13,-11.482,12.995,-1.941,C,b-D-GlcpN,"1,2,3,2,3,4,4,3,2",-1,-1,1
HETATM,229,C21,NBG,A,13,-12.312,14.225,-1.718,C,b-D-GlcpN,"1,2,3,2,3,4,4,3,2",-1,-1,1
HETATM,230,O1,NBG,A,13,-10.746,12.566,-1.049,O,b-D-GlcpN,"1,2,3,2,3,4,4,3,2",-1,-1,1
HETATM,231,H21,NBG,A,13,-11.661,15.102,-1.716,H,b-D-GlcpN,"1,2,3,2,3,4,4,3,2",-1,-1,1
HETATM,232,H22,NBG,A,13,-13.093,14.354,-2.462,H,b-D-GlcpN,"1,2,3,2,3,4,4,3,2",-1,-1,1
HETATM,233,H23,NBG,A,13,-12.794,14.148,-0.74,H,b-D-GlcpN,"1,2,3,2,3,4,4,3,2",-1,-1,1
HETATM,234,S1,SO4,A,14,-17.278,14.443,-7.389,S,S,"1,2,3,2,3,4,4,3,2,6",-1,-1,0
HETATM,235,O,SO4,A,14,-18.618,14.207,-7.87,O,S,"1,2,3,2,3,4,4,3,2,6",-1,-1,0
HETATM,236,O1,SO4,A,14,-17.035,15.019,-6.088,O,S,"1,2,3,2,3,4,4,3,2,6",-1,-1,0
HETATM,237,O2,SO4,A,14,-16.608,15.428,-8.471,O,S,"1,2,3,2,3,4,4,3,2,6",-1,-1,0
HETATM,238,H,SO4,A,14,-17.322,16.003,-8.824,H,S,"1,2,3,2,3,4,4,3,2,6",-1,-1,0
HETATM,239,C1,MAN,A,15,-10.382,15.247,-4.503,C,a-D-Manp,"1,2,3,2,3,4,4,3,2,3",102.1,53,0
HETATM,240,O5,MAN,A,15,-9.428,14.867,-3.518,O,a-D-Manp,"1,2,3,2,3,4,4,3,2,3",-1,-1,0
HETATM,241,C5,MAN,A,15,-8.153,14.471,-4.032,C,a-D-Manp,"1,2,3,2,3,4,4,3,2,3",73.0,53,0
HETATM,242,C6,MAN,A,15,-7.284,14.146,-2.805,C,a-D-Manp,"1,2,3,2,3,4,4,3,2,3",61.9,53,0
HETATM,243,O6,MAN,A,15,-5.97,13.725,-3.143,O,a-D-Manp,"1,2,3,2,3,4,4,3,2,3",-1,-1,0
HETATM,244,C4,MAN,A,15,-7.518,15.569,-4.924,C,a-D-Manp,"1,2,3,2,3,4,4,3,2,3",77.5,53,0
HETATM,245,O4,MAN,A,15,-6.197,15.263,-5.416,O,a-D-Manp,"1,2,3,2,3,4,4,3,2,3",-1,-1,0
HETATM,246,C3,MAN,A,15,-8.513,16.003,-6.017,C,a-D-Manp,"1,2,3,2,3,4,4,3,2,3",70.5,53,0
HETATM,247,O3,MAN,A,15,-8.064,17.196,-6.677,O,a-D-Manp,"1,2,3,2,3,4,4,3,2,3",-1,-1,0
HETATM,248,C2,MAN,A,15,-9.863,16.37,-5.404,C,a-D-Manp,"1,2,3,2,3,4,4,3,2,3",71.3,53,0
HETATM,249,O2,MAN,A,15,-9.718,17.591,-4.652,O,a-D-Manp,"1,2,3,2,3,4,4,3,2,3",-1,-1,0
HETATM,250,H1,MAN,A,15,-11.218,15.668,-3.936,H,a-D-Manp,"1,2,3,2,3,4,4,3,2,3",5.24,41,0
HETATM,251,H5,MAN,A,15,-8.281,13.546,-4.608,H,a-D-Manp,"1,2,3,2,3,4,4,3,2,3",3.92,41,0
HETATM,252,H6,MAN,A,15,-7.206,15.013,-2.14,H,a-D-Manp,"1,2,3,2,3,4,4,3,2,3",3.70-3.90,41,0
HETATM,253,H61,MAN,A,15,-7.76,13.348,-2.221,H,a-D-Manp,"1,2,3,2,3,4,4,3,2,3",-1,-1,0
HETATM,254,H6O,MAN,A,15,-5.532,14.511,-3.528,H,a-D-Manp,"1,2,3,2,3,4,4,3,2,3",-1,-1,0
HETATM,255,H4,MAN,A,15,-7.354,16.45,-4.288,H,a-D-Manp,"1,2,3,2,3,4,4,3,2,3",3.84,41,0
HETATM,256,H3,MAN,A,15,-8.649,15.215,-6.765,H,a-D-Manp,"1,2,3,2,3,4,4,3,2,3",3.91,41,0
HETATM,257,H3O,MAN,A,15,-7.407,16.92,-7.344,H,a-D-Manp,"1,2,3,2,3,4,4,3,2,3",-1,-1,0
HETATM,258,H2,MAN,A,15,-10.58,16.588,-6.203,H,a-D-Manp,"1,2,3,2,3,4,4,3,2,3",4.06,41,0
HETATM,259,H2O,MAN,A,15,-9.172,18.171,-5.224,H,a-D-Manp,"1,2,3,2,3,4,4,3,2,3",-1,-1,0
HETATM,260,C1,MAN,A,16,-6.048,14.141,-6.29,C,a-D-Manp,"1,2,3,2,3,4,4,3,2,3,4",102.3,40,0
HETATM,261,O5,MAN,A,16,-6.406,14.47,-7.631,O,a-D-Manp,"1,2,3,2,3,4,4,3,2,3,4",-1,-1,0
HETATM,262,C5,MAN,A,16,-5.537,15.414,-8.257,C,a-D-Manp,"1,2,3,2,3,4,4,3,2,3,4",73.4,40,0
HETATM,263,C6,MAN,A,16,-6.04,15.648,-9.69,C,a-D-Manp,"1,2,3,2,3,4,4,3,2,3,4",61.5,40,0
HETATM,264,O6,MAN,A,16,-5.485,16.827,-10.261,O,a-D-Manp,"1,2,3,2,3,4,4,3,2,3,4",-1,-1,0
HETATM,265,C4,MAN,A,16,-4.049,15.018,-8.233,C,a-D-Manp,"1,2,3,2,3,4,4,3,2,3,4",67.5,40,0
HETATM,266,O4,MAN,A,16,-3.319,16.121,-8.781,O,a-D-Manp,"1,2,3,2,3,4,4,3,2,3,4",-1,-1,0
HETATM,267,C3,MAN,A,16,-3.633,14.717,-6.78,C,a-D-Manp,"1,2,3,2,3,4,4,3,2,3,4",74.3,40,0
HETATM,268,O3,MAN,A,16,-2.295,14.181,-6.75,O,a-D-Manp,"1,2,3,2,3,4,4,3,2,3,4",-1,-1,0
HETATM,269,C2,MAN,A,16,-4.588,13.649,-6.219,C,a-D-Manp,"1,2,3,2,3,4,4,3,2,3,4",72.0,40,0
HETATM,270,O2,MAN,A,16,-4.424,12.426,-6.957,O,a-D-Manp,"1,2,3,2,3,4,4,3,2,3,4",-1,-1,0
HETATM,271,H1,MAN,A,16,-6.696,13.317,-5.983,H,a-D-Manp,"1,2,3,2,3,4,4,3,2,3,4",5.01,21,0
HETATM,272,H5,MAN,A,16,-5.612,16.372,-7.73,H,a-D-Manp,"1,2,3,2,3,4,4,3,2,3,4",3.83,21,0
HETATM,273,H6,MAN,A,16,-5.807,14.795,-10.336,H,a-D-Manp,"1,2,3,2,3,4,4,3,2,3,4",3.78-3.86,21,0
HETATM,274,H61,MAN,A,16,-7.131,15.759,-9.694,H,a-D-Manp,"1,2,3,2,3,4,4,3,2,3,4",-1,-1,0
HETATM,275,H6O,MAN,A,16,-4.533,16.832,-10.021,H,a-D-Manp,"1,2,3,2,3,4,4,3,2,3,4",-1,-1,0
HETATM,276,H4,MAN,A,16,-3.854,14.148,-8.872,H,a-D-Manp,"1,2,3,2,3,4,4,3,2,3,4",3.80,21,0
HETATM,277,H4O,MAN,A,16,-2.372,16.05,-8.543,H,a-D-Manp,"1,2,3,2,3,4,4,3,2,3,4",-1,-1,0
HETATM,278,H3,MAN,A,16,-3.68,15.655,-6.214,H,a-D-Manp,"1,2,3,2,3,4,4,3,2,3,4",3.96,21,0
HETATM,279,H2,MAN,A,16,-4.325,13.414,-5.188,H,a-D-Manp,"1,2,3,2,3,4,4,3,2,3,4",4.12,21,0
HETATM,280,H2O,MAN,A,16,-3.468,12.231,-6.952,H,a-D-Manp,"1,2,3,2,3,4,4,3,2,3,4",-1,-1,0
HETATM,281,C2,SLB,A,17,-1.452,14.66,-5.697,C,b-Neup,"1,2,3,2,3,4,4,3,2,3,4,3",96.9,38,0
HETATM,282,C1,SLB,A,17,-2.116,15.17,-4.355,C,b-Neup,"1,2,3,2,3,4,4,3,2,3,4,3",173.6,38,0
HETATM,283,O1,SLB,A,17,-2.206,16.322,-3.957,O,b-Neup,"1,2,3,2,3,4,4,3,2,3,4,3",-1,-1,0
HETATM,284,O11,SLB,A,17,-2.666,14.178,-3.62,O,b-Neup,"1,2,3,2,3,4,4,3,2,3,4,3",-1,-1,0
HETATM,285,C3,SLB,A,17,-0.532,13.506,-5.29,C,b-Neup,"1,2,3,2,3,4,4,3,2,3,4,3",40.2,38,0
HETATM,286,C4,SLB,A,17,0.381,13.088,-6.429,C,b-Neup,"1,2,3,2,3,4,4,3,2,3,4,3",67.4,38,0
HETATM,287,O4,SLB,A,17,1.271,12.085,-5.92,O,b-Neup,"1,2,3,2,3,4,4,3,2,3,4,3",-1,-1,0
HETATM,288,C5,SLB,A,17,1.204,14.296,-6.919,C,b-Neup,"1,2,3,2,3,4,4,3,2,3,4,3",54.2,38,0
HETATM,289,N5,SLB,A,17,2.071,13.886,-8.033,N,b-Neup,"1,2,3,2,3,4,4,3,2,3,4,3",-1,-1,0
HETATM,290,C6,SLB,A,17,0.225,15.437,-7.289,C,b-Neup,"1,2,3,2,3,4,4,3,2,3,4,3",70.7,38,0
HETATM,291,C7,SLB,A,17,0.933,16.757,-7.703,C,b-Neup,"1,2,3,2,3,4,4,3,2,3,4,3",69.8,38,0
HETATM,292,O7,SLB,A,17,1.859,17.197,-6.705,O,b-Neup,"1,2,3,2,3,4,4,3,2,3,4,3",-1,-1,0
HETATM,293,C8,SLB,A,17,-0.094,17.869,-7.978,C,b-Neup,"1,2,3,2,3,4,4,3,2,3,4,3",73.1,38,0
HETATM,294,O8,SLB,A,17,-0.965,17.452,-9.043,O,b-Neup,"1,2,3,2,3,4,4,3,2,3,4,3",-1,-1,0
HETATM,295,C9,SLB,A,17,0.567,19.191,-8.384,C,b-Neup,"1,2,3,2,3,4,4,3,2,3,4,3",64.1,38,0
HETATM,296,O9,SLB,A,17,-0.464,20.095,-8.805,O,b-Neup,"1,2,3,2,3,4,4,3,2,3,4,3",-1,-1,0
HETATM,297,O6,SLB,A,17,-0.659,15.74,-6.192,O,b-Neup,"1,2,3,2,3,4,4,3,2,3,4,3",-1,-1,0
HETATM,298,H1O,SLB,A,17,-2.994,14.62,-2.801,H,b-Neup,"1,2,3,2,3,4,4,3,2,3,4,3",-1,-1,0
HETATM,299,H3,SLB,A,17,-1.125,12.639,-4.972,H,b-Neup,"1,2,3,2,3,4,4,3,2,3,4,3",1.82-2.27,34,0
HETATM,300,H31,SLB,A,17,0.083,13.787,-4.425,H,b-Neup,"1,2,3,2,3,4,4,3,2,3,4,3",-1,-1,0
HETATM,301,H4,SLB,A,17,-0.208,12.692,-7.268,H,b-Neup,"1,2,3,2,3,4,4,3,2,3,4,3",4.15,34,0
HETATM,302,H5,SLB,A,17,1.854,14.616,-6.095,H,b-Neup,"1,2,3,2,3,4,4,3,2,3,4,3",3.82,34,0
HETATM,303,H5N,SLB,A,17,1.812,13.081,-8.59,H,b-Neup,"1,2,3,2,3,4,4,3,2,3,4,3",-1,-1,0
HETATM,304,H6,SLB,A,17,-0.385,15.111,-8.141,H,b-Neup,"1,2,3,2,3,4,4,3,2,3,4,3",4.25,34,0
HETATM,305,H7,SLB,A,17,1.492,16.583,-8.631,H,b-Neup,"1,2,3,2,3,4,4,3,2,3,4,3",3.58,34,0
HETATM,306,H7O,SLB,A,17,2.683,16.676,-6.845,H,b-Neup,"1,2,3,2,3,4,4,3,2,3,4,3",-1,-1,0
HETATM,307,H8,SLB,A,17,-0.724,18.06,-7.101,H,b-Neup,"1,2,3,2,3,4,4,3,2,3,4,3",3.86,34,0
HETATM,308,H8O,SLB,A,17,-1.419,18.282,-9.306,H,b-Neup,"1,2,3,2,3,4,4,3,2,3,4,3",-1,-1,0
HETATM,309,H9,SLB,A,17,1.242,19.054,-9.234,H,b-Neup,"1,2,3,2,3,4,4,3,2,3,4,3",3.64-3.87,34,0
HETATM,310,H91,SLB,A,17,1.112,19.638,-7.547,H,b-Neup,"1,2,3,2,3,4,4,3,2,3,4,3",-1,-1,0
HETATM,311,H9O,SLB,A,17,-0.034,20.957,-8.944,H,b-Neup,"1,2,3,2,3,4,4,3,2,3,4,3",-1,-1,0
HETATM,312,C11,SLB,A,17,3.306,14.452,-8.251,C,b-Neup,"1,2,3,2,3,4,4,3,2,3,4,3",-1,-1,1
HETATM,313,C21,SLB,A,17,4.084,13.801,-9.361,C,b-Neup,"1,2,3,2,3,4,4,3,2,3,4,3",-1,-1,1
HETATM,314,O12,SLB,A,17,3.717,15.414,-7.612,O,b-Neup,"1,2,3,2,3,4,4,3,2,3,4,3",-1,-1,1
HETATM,315,H2,SLB,A,17,4.096,12.715,-9.229,H,b-Neup,"1,2,3,2,3,4,4,3,2,3,4,3",-,34,1
HETATM,316,H21,SLB,A,17,5.116,14.162,-9.346,H,b-Neup,"1,2,3,2,3,4,4,3,2,3,4,3",-1,-1,1
HETATM,317,H22,SLB,A,17,3.628,14.05,-10.323,H,b-Neup,"1,2,3,2,3,4,4,3,2,3,4,3",-1,-1,1
HETATM,318,C1,GAL,A,18,0.977,10.772,-6.412,C,b-D-Galp,"1,2,3,2,3,4,4,3,2,3,4,3,4",104.2,31,0
HETATM,319,O5,GAL,A,18,-0.329,10.381,-6.004,O,b-D-Galp,"1,2,3,2,3,4,4,3,2,3,4,3,4",-1,-1,0
HETATM,320,C5,GAL,A,18,-0.7,9.089,-6.502,C,b-D-Galp,"1,2,3,2,3,4,4,3,2,3,4,3,4",75.8,31,0
HETATM,321,C6,GAL,A,18,-2.137,8.817,-6.045,C,b-D-Galp,"1,2,3,2,3,4,4,3,2,3,4,3,4",61.7,31,0
HETATM,322,O6,GAL,A,18,-2.597,7.559,-6.52,O,b-D-Galp,"1,2,3,2,3,4,4,3,2,3,4,3,4",-1,-1,0
HETATM,323,C4,GAL,A,18,0.282,8.007,-6.021,C,b-D-Galp,"1,2,3,2,3,4,4,3,2,3,4,3,4",70.2,31,0
HETATM,324,O4,GAL,A,18,0.183,7.855,-4.596,O,b-D-Galp,"1,2,3,2,3,4,4,3,2,3,4,3,4",-1,-1,0
HETATM,325,C3,GAL,A,18,1.724,8.386,-6.396,C,b-D-Galp,"1,2,3,2,3,4,4,3,2,3,4,3,4",76.4,31,0
HETATM,326,O3,GAL,A,18,2.603,7.423,-5.807,O,b-D-Galp,"1,2,3,2,3,4,4,3,2,3,4,3,4",-1,-1,0
HETATM,327,C2,GAL,A,18,2.059,9.798,-5.881,C,b-D-Galp,"1,2,3,2,3,4,4,3,2,3,4,3,4",71.6,31,0
HETATM,328,O2,GAL,A,18,3.314,10.273,-6.397,O,b-D-Galp,"1,2,3,2,3,4,4,3,2,3,4,3,4",-1,-1,0
HETATM,329,H1,GAL,A,18,1.029,10.812,-7.509,H,b-D-Galp,"1,2,3,2,3,4,4,3,2,3,4,3,4",4.53,26,0
HETATM,330,H5,GAL,A,18,-0.686,9.121,-7.601,H,b-D-Galp,"1,2,3,2,3,4,4,3,2,3,4,3,4",3.67,26,0
HETATM,331,H6,GAL,A,18,-2.804,9.595,-6.438,H,b-D-Galp,"1,2,3,2,3,4,4,3,2,3,4,3,4",3.77-3.81,26,0
HETATM,332,H61,GAL,A,18,-2.232,8.858,-4.952,H,b-D-Galp,"1,2,3,2,3,4,4,3,2,3,4,3,4",-1,-1,0
HETATM,333,H6O,GAL,A,18,-2.562,6.945,-5.763,H,b-D-Galp,"1,2,3,2,3,4,4,3,2,3,4,3,4",-1,-1,0
HETATM,334,H4,GAL,A,18,0.015,7.038,-6.452,H,b-D-Galp,"1,2,3,2,3,4,4,3,2,3,4,3,4",3.99,26,0
HETATM,335,H4O,GAL,A,18,0.892,7.248,-4.318,H,b-D-Galp,"1,2,3,2,3,4,4,3,2,3,4,3,4",-1,-1,0
HETATM,336,H3,GAL,A,18,1.852,8.384,-7.486,H,b-D-Galp,"1,2,3,2,3,4,4,3,2,3,4,3,4",3.77,26,0
HETATM,337,H2,GAL,A,18,2.071,9.825,-4.785,H,b-D-Galp,"1,2,3,2,3,4,4,3,2,3,4,3,4",3.62,26,0
HETATM,338,S1,SO4,A,19,3.07,6.156,-6.724,S,S,"1,2,3,2,3,4,4,3,2,3,4,3,4,3",-1,-1,0
HETATM,339,O,SO4,A,19,4.384,6.435,-7.233,O,S,"1,2,3,2,3,4,4,3,2,3,4,3,4,3",-1,-1,0
HETATM,340,O1,SO4,A,19,1.971,5.763,-7.565,O,S,"1,2,3,2,3,4,4,3,2,3,4,3,4,3",-1,-1,0
HETATM,341,O2,SO4,A,19,3.261,5.007,-5.6,O,S,"1,2,3,2,3,4,4,3,2,3,4,3,4,3",-1,-1,0
HETATM,342,H,SO4,A,19,4.152,5.108,-5.214,H,S,"1,2,3,2,3,4,4,3,2,3,4,3,4,3",-1,-1,0
HETATM,343,C1,FUC,A,20,4.484,9.902,-5.66,C,a-L-Fucp,"1,2,3,2,3,4,4,3,2,3,4,3,4,2",100.3,65,0
HETATM,344,O5,FUC,A,20,4.425,10.293,-4.288,O,a-L-Fucp,"1,2,3,2,3,4,4,3,2,3,4,3,4,2",-1,-1,0
HETATM,345,C5,FUC,A,20,4.333,11.716,-4.113,C,a-L-Fucp,"1,2,3,2,3,4,4,3,2,3,4,3,4,2",67.7,65,0
HETATM,346,C6,FUC,A,20,4.177,11.973,-2.618,C,a-L-Fucp,"1,2,3,2,3,4,4,3,2,3,4,3,4,2",16.4,65,0
HETATM,347,C4,FUC,A,20,5.577,12.39,-4.699,C,a-L-Fucp,"1,2,3,2,3,4,4,3,2,3,4,3,4,2",71.5,65,0
HETATM,348,O4,FUC,A,20,6.768,11.972,-3.997,O,a-L-Fucp,"1,2,3,2,3,4,4,3,2,3,4,3,4,2",-1,-1,0
HETATM,349,C3,FUC,A,20,5.755,12.016,-6.179,C,a-L-Fucp,"1,2,3,2,3,4,4,3,2,3,4,3,4,2",70.8,65,0
HETATM,350,O3,FUC,A,20,7.002,12.569,-6.623,O,a-L-Fucp,"1,2,3,2,3,4,4,3,2,3,4,3,4,2",-1,-1,0
HETATM,351,C2,FUC,A,20,5.733,10.489,-6.369,C,a-L-Fucp,"1,2,3,2,3,4,4,3,2,3,4,3,4,2",78.1,65,0
HETATM,352,O2,FUC,A,20,5.653,10.085,-7.748,O,a-L-Fucp,"1,2,3,2,3,4,4,3,2,3,4,3,4,2",-1,-1,0
HETATM,353,H1,FUC,A,20,4.574,8.814,-5.686,H,a-L-Fucp,"1,2,3,2,3,4,4,3,2,3,4,3,4,2",5.10,35,0
HETATM,354,H5,FUC,A,20,3.437,12.09,-4.615,H,a-L-Fucp,"1,2,3,2,3,4,4,3,2,3,4,3,4,2",4.25,35,0
HETATM,355,H6,FUC,A,20,3.267,11.489,-2.244,H,a-L-Fucp,"1,2,3,2,3,4,4,3,2,3,4,3,4,2",1.21,35,0
HETATM,356,H61,FUC,A,20,5.007,11.545,-2.044,H,a-L-Fucp,"1,2,3,2,3,4,4,3,2,3,4,3,4,2",-1,-1,0
HETATM,357,H62,FUC,A,20,4.114,13.044,-2.402,H,a-L-Fucp,"1,2,3,2,3,4,4,3,2,3,4,3,4,2",-1,-1,0
HETATM,358,H4,FUC,A,20,5.524,13.478,-4.589,H,a-L-Fucp,"1,2,3,2,3,4,4,3,2,3,4,3,4,2",3.86,35,0
HETATM,359,H4O,FUC,A,20,6.609,11.066,-3.667,H,a-L-Fucp,"1,2,3,2,3,4,4,3,2,3,4,3,4,2",-1,-1,0
HETATM,360,H3,FUC,A,20,4.969,12.475,-6.787,H,a-L-Fucp,"1,2,3,2,3,4,4,3,2,3,4,3,4,2",3.98,35,0
HETATM,361,H3O,FUC,A,20,7.612,12.503,-5.857,H,a-L-Fucp,"1,2,3,2,3,4,4,3,2,3,4,3,4,2",-1,-1,0
HETATM,362,H2,FUC,A,20,6.626,10.053,-5.905,H,a-L-Fucp,"1,2,3,2,3,4,4,3,2,3,4,3,4,2",3.89,35,0
HETATM,363,C1,GLA,A,21,6.883,10.142,-8.471,C,a-D-Galp,"1,2,3,2,3,4,4,3,2,3,4,3,4,2,2",96.5,70,0
HETATM,364,O5,GLA,A,21,7.871,9.279,-7.894,O,a-D-Galp,"1,2,3,2,3,4,4,3,2,3,4,3,4,2,2",-1,-1,0
HETATM,365,C5,GLA,A,21,7.449,7.9,-7.845,C,a-D-Galp,"1,2,3,2,3,4,4,3,2,3,4,3,4,2,2",72.0,70,0
HETATM,366,C6,GLA,A,21,8.536,7.112,-7.106,C,a-D-Galp,"1,2,3,2,3,4,4,3,2,3,4,3,4,2,2",62.3,70,0
HETATM,367,O6,GLA,A,21,8.467,7.392,-5.706,O,a-D-Galp,"1,2,3,2,3,4,4,3,2,3,4,3,4,2,2",-1,-1,0
HETATM,368,C4,GLA,A,21,7.177,7.357,-9.259,C,a-D-Galp,"1,2,3,2,3,4,4,3,2,3,4,3,4,2,2",70.3,70,0
HETATM,369,O4,GLA,A,21,8.361,7.309,-10.075,O,a-D-Galp,"1,2,3,2,3,4,4,3,2,3,4,3,4,2,2",-1,-1,0
HETATM,370,C3,GLA,A,21,6.176,8.267,-9.985,C,a-D-Galp,"1,2,3,2,3,4,4,3,2,3,4,3,4,2,2",69.0,70,0
HETATM,371,O3,GLA,A,21,6.064,7.883,-11.366,O,a-D-Galp,"1,2,3,2,3,4,4,3,2,3,4,3,4,2,2",-1,-1,0
HETATM,372,C2,GLA,A,21,6.628,9.732,-9.937,C,a-D-Galp,"1,2,3,2,3,4,4,3,2,3,4,3,4,2,2",71.9,70,0
HETATM,373,O2,GLA,A,21,5.639,10.553,-10.582,O,a-D-Galp,"1,2,3,2,3,4,4,3,2,3,4,3,4,2,2",-1,-1,0
HETATM,374,H1,GLA,A,21,7.265,11.166,-8.477,H,a-D-Galp,"1,2,3,2,3,4,4,3,2,3,4,3,4,2,2",5.39,74,0
HETATM,375,H5,GLA,A,21,6.534,7.847,-7.245,H,a-D-Galp,"1,2,3,2,3,4,4,3,2,3,4,3,4,2,2",4.06,74,0
HETATM,376,H6,GLA,A,21,9.533,7.397,-7.461,H,a-D-Galp,"1,2,3,2,3,4,4,3,2,3,4,3,4,2,2",3.74-3.77,74,0
HETATM,377,H61,GLA,A,21,8.401,6.033,-7.23,H,a-D-Galp,"1,2,3,2,3,4,4,3,2,3,4,3,4,2,2",-1,-1,0
HETATM,378,H6O,GLA,A,21,9.383,7.413,-5.375,H,a-D-Galp,"1,2,3,2,3,4,4,3,2,3,4,3,4,2,2",-1,-1,0
HETATM,379,H4,GLA,A,21,6.788,6.333,-9.216,H,a-D-Galp,"1,2,3,2,3,4,4,3,2,3,4,3,4,2,2",4,74,0
HETATM,380,H4O,GLA,A,21,9.026,6.751,-9.623,H,a-D-Galp,"1,2,3,2,3,4,4,3,2,3,4,3,4,2,2",-1,-1,0
HETATM,381,H3,GLA,A,21,5.176,8.167,-9.548,H,a-D-Galp,"1,2,3,2,3,4,4,3,2,3,4,3,4,2,2",4.23,74,0
HETATM,382,H3O,GLA,A,21,6.955,7.542,-11.606,H,a-D-Galp,"1,2,3,2,3,4,4,3,2,3,4,3,4,2,2",-1,-1,0
HETATM,383,H2,GLA,A,21,7.551,9.846,-10.519,H,a-D-Galp,"1,2,3,2,3,4,4,3,2,3,4,3,4,2,2",3.87,74,0
HETATM,384,H2O,GLA,A,21,5.389,10.051,-11.385,H,a-D-Galp,"1,2,3,2,3,4,4,3,2,3,4,3,4,2,2",-1,-1,0
HETATM,385,C1,BDP,A,22,-6.615,0.596,-1.125,C,b-D-GlcpA,"1,2,3,2,3,2",106.0,60,0
HETATM,386,O5,BDP,A,22,-6.678,-0.065,0.131,O,b-D-GlcpA,"1,2,3,2,3,2",-1,-1,0
HETATM,387,C5,BDP,A,22,-5.792,0.524,1.097,C,b-D-GlcpA,"1,2,3,2,3,2",77.6,60,0
HETATM,388,C6,BDP,A,22,-5.96,-0.209,2.432,C,b-D-GlcpA,"1,2,3,2,3,2",176.3,60,0
HETATM,389,O6,BDP,A,22,-7.02,-0.314,3.033,O,b-D-GlcpA,"1,2,3,2,3,2",-1,-1,0
HETATM,390,O61,BDP,A,22,-4.812,-0.721,2.944,O,b-D-GlcpA,"1,2,3,2,3,2",-1,-1,0
HETATM,391,C4,BDP,A,22,-6.116,2.007,1.341,C,b-D-GlcpA,"1,2,3,2,3,2",73.4,60,0
HETATM,392,O4,BDP,A,22,-5.093,2.605,2.143,O,b-D-GlcpA,"1,2,3,2,3,2",-1,-1,0
HETATM,393,C3,BDP,A,22,-6.184,2.778,0.021,C,b-D-GlcpA,"1,2,3,2,3,2",76.0,60,0
HETATM,394,O3,BDP,A,22,-6.694,4.092,0.286,O,b-D-GlcpA,"1,2,3,2,3,2",-1,-1,0
HETATM,395,C2,BDP,A,22,-7.078,2.07,-0.991,C,b-D-GlcpA,"1,2,3,2,3,2",73.8,60,0
HETATM,396,O2,BDP,A,22,-7.023,2.775,-2.243,O,b-D-GlcpA,"1,2,3,2,3,2",-1,-1,0
HETATM,397,H1,BDP,A,22,-5.575,0.595,-1.472,H,b-D-GlcpA,"1,2,3,2,3,2",4.50,63,0
HETATM,398,H5,BDP,A,22,-4.755,0.411,0.744,H,b-D-GlcpA,"1,2,3,2,3,2",3.73,63,0
HETATM,399,H6O,BDP,A,22,-4.02,-0.572,2.395,H,b-D-GlcpA,"1,2,3,2,3,2",-1,-1,0
HETATM,400,H4,BDP,A,22,-7.069,2.118,1.873,H,b-D-GlcpA,"1,2,3,2,3,2",3.55,63,0
HETATM,401,H4O,BDP,A,22,-5.363,3.542,2.245,H,b-D-GlcpA,"1,2,3,2,3,2",-1,-1,0
HETATM,402,H3,BDP,A,22,-5.18,2.93,-0.395,H,b-D-GlcpA,"1,2,3,2,3,2",3.36,63,0
HETATM,403,H3O,BDP,A,22,-6.79,4.519,-0.59,H,b-D-GlcpA,"1,2,3,2,3,2",-1,-1,0
HETATM,404,H2,BDP,A,22,-8.115,2.131,-0.646,H,b-D-GlcpA,"1,2,3,2,3,2",3.42,63,0
HETATM,405,H2O,BDP,A,22,-7.519,2.233,-2.889,H,b-D-GlcpA,"1,2,3,2,3,2",-1,-1,0
